<?xml version="1.0" encoding="UTF-8"?>
<spirit:component xmlns:xilinx="http://www.xilinx.com" xmlns:spirit="http://www.spiritconsortium.org/XMLSchema/SPIRIT/1685-2009" xmlns:xsi="http://www.w3.org/2001/XMLSchema-instance">
  <spirit:vendor>sdu.dk</spirit:vendor>
  <spirit:library>user</spirit:library>
  <spirit:name>MIPS_BRAM_IFACE</spirit:name>
  <spirit:version>1.0</spirit:version>
  <spirit:busInterfaces>
    <spirit:busInterface>
      <spirit:name>RST</spirit:name>
      <spirit:busType spirit:vendor="xilinx.com" spirit:library="signal" spirit:name="reset" spirit:version="1.0"/>
      <spirit:abstractionType spirit:vendor="xilinx.com" spirit:library="signal" spirit:name="reset_rtl" spirit:version="1.0"/>
      <spirit:slave/>
      <spirit:portMaps>
        <spirit:portMap>
          <spirit:logicalPort>
            <spirit:name>RST</spirit:name>
          </spirit:logicalPort>
          <spirit:physicalPort>
            <spirit:name>RST</spirit:name>
          </spirit:physicalPort>
        </spirit:portMap>
      </spirit:portMaps>
    </spirit:busInterface>
    <spirit:busInterface>
      <spirit:name>CLK</spirit:name>
      <spirit:busType spirit:vendor="xilinx.com" spirit:library="signal" spirit:name="clock" spirit:version="1.0"/>
      <spirit:abstractionType spirit:vendor="xilinx.com" spirit:library="signal" spirit:name="clock_rtl" spirit:version="1.0"/>
      <spirit:slave/>
      <spirit:portMaps>
        <spirit:portMap>
          <spirit:logicalPort>
            <spirit:name>CLK</spirit:name>
          </spirit:logicalPort>
          <spirit:physicalPort>
            <spirit:name>CLK</spirit:name>
          </spirit:physicalPort>
        </spirit:portMap>
      </spirit:portMaps>
      <spirit:parameters>
        <spirit:parameter>
          <spirit:name>ASSOCIATED_RESET</spirit:name>
          <spirit:value spirit:id="BUSIFPARAM_VALUE.CLK.ASSOCIATED_RESET">RST</spirit:value>
        </spirit:parameter>
      </spirit:parameters>
    </spirit:busInterface>
  </spirit:busInterfaces>
  <spirit:model>
    <spirit:views>
      <spirit:view>
        <spirit:name>xilinx_anylanguagesynthesis</spirit:name>
        <spirit:displayName>Synthesis</spirit:displayName>
        <spirit:envIdentifier>:vivado.xilinx.com:synthesis</spirit:envIdentifier>
        <spirit:language>VHDL</spirit:language>
        <spirit:modelName>MIPS_BRAM_IFACE</spirit:modelName>
        <spirit:fileSetRef>
          <spirit:localName>xilinx_anylanguagesynthesis_view_fileset</spirit:localName>
        </spirit:fileSetRef>
        <spirit:parameters>
          <spirit:parameter>
            <spirit:name>viewChecksum</spirit:name>
            <spirit:value>ac6c8f8e</spirit:value>
          </spirit:parameter>
        </spirit:parameters>
      </spirit:view>
      <spirit:view>
        <spirit:name>xilinx_anylanguagebehavioralsimulation</spirit:name>
        <spirit:displayName>Simulation</spirit:displayName>
        <spirit:envIdentifier>:vivado.xilinx.com:simulation</spirit:envIdentifier>
        <spirit:language>VHDL</spirit:language>
        <spirit:modelName>MIPS_BRAM_IFACE</spirit:modelName>
        <spirit:fileSetRef>
          <spirit:localName>xilinx_anylanguagebehavioralsimulation_view_fileset</spirit:localName>
        </spirit:fileSetRef>
        <spirit:parameters>
          <spirit:parameter>
            <spirit:name>viewChecksum</spirit:name>
            <spirit:value>ac6c8f8e</spirit:value>
          </spirit:parameter>
        </spirit:parameters>
      </spirit:view>
      <spirit:view>
        <spirit:name>xilinx_xpgui</spirit:name>
        <spirit:displayName>UI Layout</spirit:displayName>
        <spirit:envIdentifier>:vivado.xilinx.com:xgui.ui</spirit:envIdentifier>
        <spirit:fileSetRef>
          <spirit:localName>xilinx_xpgui_view_fileset</spirit:localName>
        </spirit:fileSetRef>
        <spirit:parameters>
          <spirit:parameter>
            <spirit:name>viewChecksum</spirit:name>
            <spirit:value>f64a5dae</spirit:value>
          </spirit:parameter>
        </spirit:parameters>
      </spirit:view>
    </spirit:views>
    <spirit:ports>
      <spirit:port>
        <spirit:name>CLK</spirit:name>
        <spirit:wire>
          <spirit:direction>in</spirit:direction>
          <spirit:wireTypeDefs>
            <spirit:wireTypeDef>
              <spirit:typeName>std_logic</spirit:typeName>
              <spirit:viewNameRef>xilinx_anylanguagesynthesis</spirit:viewNameRef>
              <spirit:viewNameRef>xilinx_anylanguagebehavioralsimulation</spirit:viewNameRef>
            </spirit:wireTypeDef>
          </spirit:wireTypeDefs>
        </spirit:wire>
      </spirit:port>
      <spirit:port>
        <spirit:name>RST</spirit:name>
        <spirit:wire>
          <spirit:direction>in</spirit:direction>
          <spirit:wireTypeDefs>
            <spirit:wireTypeDef>
              <spirit:typeName>std_logic</spirit:typeName>
              <spirit:viewNameRef>xilinx_anylanguagesynthesis</spirit:viewNameRef>
              <spirit:viewNameRef>xilinx_anylanguagebehavioralsimulation</spirit:viewNameRef>
            </spirit:wireTypeDef>
          </spirit:wireTypeDefs>
        </spirit:wire>
      </spirit:port>
      <spirit:port>
        <spirit:name>CS</spirit:name>
        <spirit:wire>
          <spirit:direction>out</spirit:direction>
          <spirit:wireTypeDefs>
            <spirit:wireTypeDef>
              <spirit:typeName>std_logic</spirit:typeName>
              <spirit:viewNameRef>xilinx_anylanguagesynthesis</spirit:viewNameRef>
              <spirit:viewNameRef>xilinx_anylanguagebehavioralsimulation</spirit:viewNameRef>
            </spirit:wireTypeDef>
          </spirit:wireTypeDefs>
        </spirit:wire>
      </spirit:port>
      <spirit:port>
        <spirit:name>WE</spirit:name>
        <spirit:wire>
          <spirit:direction>out</spirit:direction>
          <spirit:vector>
            <spirit:left spirit:format="long">3</spirit:left>
            <spirit:right spirit:format="long">0</spirit:right>
          </spirit:vector>
          <spirit:wireTypeDefs>
            <spirit:wireTypeDef>
              <spirit:typeName>std_logic_vector</spirit:typeName>
              <spirit:viewNameRef>xilinx_anylanguagesynthesis</spirit:viewNameRef>
              <spirit:viewNameRef>xilinx_anylanguagebehavioralsimulation</spirit:viewNameRef>
            </spirit:wireTypeDef>
          </spirit:wireTypeDefs>
        </spirit:wire>
      </spirit:port>
      <spirit:port>
        <spirit:name>ADDR</spirit:name>
        <spirit:wire>
          <spirit:direction>out</spirit:direction>
          <spirit:vector>
            <spirit:left spirit:format="long">31</spirit:left>
            <spirit:right spirit:format="long">0</spirit:right>
          </spirit:vector>
          <spirit:wireTypeDefs>
            <spirit:wireTypeDef>
              <spirit:typeName>std_logic_vector</spirit:typeName>
              <spirit:viewNameRef>xilinx_anylanguagesynthesis</spirit:viewNameRef>
              <spirit:viewNameRef>xilinx_anylanguagebehavioralsimulation</spirit:viewNameRef>
            </spirit:wireTypeDef>
          </spirit:wireTypeDefs>
        </spirit:wire>
      </spirit:port>
      <spirit:port>
        <spirit:name>Data_In</spirit:name>
        <spirit:wire>
          <spirit:direction>in</spirit:direction>
          <spirit:vector>
            <spirit:left spirit:format="long">31</spirit:left>
            <spirit:right spirit:format="long">0</spirit:right>
          </spirit:vector>
          <spirit:wireTypeDefs>
            <spirit:wireTypeDef>
              <spirit:typeName>std_logic_vector</spirit:typeName>
              <spirit:viewNameRef>xilinx_anylanguagesynthesis</spirit:viewNameRef>
              <spirit:viewNameRef>xilinx_anylanguagebehavioralsimulation</spirit:viewNameRef>
            </spirit:wireTypeDef>
          </spirit:wireTypeDefs>
        </spirit:wire>
      </spirit:port>
      <spirit:port>
        <spirit:name>Data_Out</spirit:name>
        <spirit:wire>
          <spirit:direction>out</spirit:direction>
          <spirit:vector>
            <spirit:left spirit:format="long">31</spirit:left>
            <spirit:right spirit:format="long">0</spirit:right>
          </spirit:vector>
          <spirit:wireTypeDefs>
            <spirit:wireTypeDef>
              <spirit:typeName>std_logic_vector</spirit:typeName>
              <spirit:viewNameRef>xilinx_anylanguagesynthesis</spirit:viewNameRef>
              <spirit:viewNameRef>xilinx_anylanguagebehavioralsimulation</spirit:viewNameRef>
            </spirit:wireTypeDef>
          </spirit:wireTypeDefs>
        </spirit:wire>
      </spirit:port>
    </spirit:ports>
  </spirit:model>
  <spirit:fileSets>
    <spirit:fileSet>
      <spirit:name>xilinx_anylanguagesynthesis_view_fileset</spirit:name>
      <spirit:file>
        <spirit:name>reg_bank.vhd</spirit:name>
        <spirit:fileType>vhdlSource</spirit:fileType>
      </spirit:file>
      <spirit:file>
        <spirit:name>mips_bram_iface.vhd</spirit:name>
        <spirit:fileType>vhdlSource</spirit:fileType>
        <spirit:userFileType>CHECKSUM_734eed18</spirit:userFileType>
      </spirit:file>
    </spirit:fileSet>
    <spirit:fileSet>
      <spirit:name>xilinx_anylanguagebehavioralsimulation_view_fileset</spirit:name>
      <spirit:file>
        <spirit:name>reg_bank.vhd</spirit:name>
        <spirit:fileType>vhdlSource</spirit:fileType>
      </spirit:file>
      <spirit:file>
        <spirit:name>mips_bram_iface.vhd</spirit:name>
        <spirit:fileType>vhdlSource</spirit:fileType>
      </spirit:file>
    </spirit:fileSet>
    <spirit:fileSet>
      <spirit:name>xilinx_xpgui_view_fileset</spirit:name>
      <spirit:file>
        <spirit:name>xgui/MIPS_BRAM_IFACE_v1_0.tcl</spirit:name>
        <spirit:fileType>tclSource</spirit:fileType>
        <spirit:userFileType>CHECKSUM_f64a5dae</spirit:userFileType>
        <spirit:userFileType>XGUI_VERSION_2</spirit:userFileType>
      </spirit:file>
    </spirit:fileSet>
  </spirit:fileSets>
  <spirit:description>MIPS_BRAM_IFACE_v1_0</spirit:description>
  <spirit:parameters>
    <spirit:parameter>
      <spirit:name>Component_Name</spirit:name>
      <spirit:value spirit:resolve="user" spirit:id="PARAM_VALUE.Component_Name" spirit:order="1">MIPS_BRAM_IFACE_v1_0</spirit:value>
    </spirit:parameter>
  </spirit:parameters>
  <spirit:vendorExtensions>
    <xilinx:coreExtensions>
      <xilinx:supportedFamilies>
        <xilinx:family xilinx:lifeCycle="Production">zynq</xilinx:family>
        <xilinx:family xilinx:lifeCycle="Production">qzynq</xilinx:family>
        <xilinx:family xilinx:lifeCycle="Production">azynq</xilinx:family>
        <xilinx:family xilinx:lifeCycle="Production">zynquplus</xilinx:family>
      </xilinx:supportedFamilies>
      <xilinx:taxonomies>
        <xilinx:taxonomy>/UserIP</xilinx:taxonomy>
      </xilinx:taxonomies>
      <xilinx:displayName>MIPS_BRAM_IFACE_v1_0</xilinx:displayName>
      <xilinx:definitionSource>package_project</xilinx:definitionSource>
      <xilinx:coreRevision>19</xilinx:coreRevision>
      <xilinx:coreCreationDateTime>2020-05-01T11:48:29Z</xilinx:coreCreationDateTime>
      <xilinx:tags>
        <xilinx:tag xilinx:name="ui.data.coregen.dd@4390a422_ARCHIVE_LOCATION">c:/users/brehm/desktop/vivado_proj/project_mips_ip/project_mips_ip.srcs/sources_1/new</xilinx:tag>
        <xilinx:tag xilinx:name="ui.data.coregen.dd@37d6779e_ARCHIVE_LOCATION">c:/users/brehm/desktop/vivado_proj/project_mips_ip/project_mips_ip.srcs/sources_1/new</xilinx:tag>
        <xilinx:tag xilinx:name="ui.data.coregen.dd@5e5475d9_ARCHIVE_LOCATION">c:/users/brehm/desktop/vivado_proj/project_mips_ip/project_mips_ip.srcs/sources_1/new</xilinx:tag>
        <xilinx:tag xilinx:name="ui.data.coregen.dd@7f0434b0_ARCHIVE_LOCATION">c:/users/brehm/desktop/vivado_proj/project_mips_ip/project_mips_ip.srcs/sources_1/new</xilinx:tag>
        <xilinx:tag xilinx:name="ui.data.coregen.dd@876c5f0_ARCHIVE_LOCATION">c:/users/brehm/desktop/vivado_proj/project_mips_ip/project_mips_ip.srcs/sources_1/new</xilinx:tag>
        <xilinx:tag xilinx:name="ui.data.coregen.dd@54bdd17e_ARCHIVE_LOCATION">C:/Users/brehm/Dropbox/Vivado_Projects/sources/ip_cores</xilinx:tag>
        <xilinx:tag xilinx:name="ui.data.coregen.dd@6f00e655_ARCHIVE_LOCATION">C:/Users/brehm/Dropbox/Vivado_Projects/sources/ip_cores</xilinx:tag>
        <xilinx:tag xilinx:name="ui.data.coregen.dd@333a117d_ARCHIVE_LOCATION">C:/Users/brehm/Dropbox/Vivado_Projects/sources/ip_cores</xilinx:tag>
        <xilinx:tag xilinx:name="ui.data.coregen.dd@558ba583_ARCHIVE_LOCATION">c:/Users/brehm/Dropbox/Vivado_Projects/sources/ip_cores/project_mips_ip/project_mips_ip.srcs/sources_1/new</xilinx:tag>
        <xilinx:tag xilinx:name="ui.data.coregen.dd@63b12db1_ARCHIVE_LOCATION">c:/Users/brehm/Dropbox/Vivado_Projects/sources/ip_cores/project_mips_ip/project_mips_ip.srcs/sources_1/new</xilinx:tag>
        <xilinx:tag xilinx:name="ui.data.coregen.dd@48191412_ARCHIVE_LOCATION">c:/Users/brehm/Dropbox/Vivado_Projects/sources/ip_cores/project_mips_ip/project_mips_ip.srcs/sources_1/new</xilinx:tag>
        <xilinx:tag xilinx:name="ui.data.coregen.dd@632cbcf8_ARCHIVE_LOCATION">c:/Users/brehm/Dropbox/Vivado_Projects/sources/ip_cores/project_mips_ip/project_mips_ip.srcs/sources_1/new</xilinx:tag>
        <xilinx:tag xilinx:name="ui.data.coregen.dd@43cea25e_ARCHIVE_LOCATION">c:/Users/brehm/Dropbox/Vivado_Projects/sources/ip_cores/project_mips_ip/project_mips_ip.srcs/sources_1/new</xilinx:tag>
        <xilinx:tag xilinx:name="ui.data.coregen.dd@6f62d1d7_ARCHIVE_LOCATION">c:/Users/brehm/Dropbox/Vivado_Projects/sources/ip_cores/project_mips_ip/project_mips_ip.srcs/sources_1/new</xilinx:tag>
        <xilinx:tag xilinx:name="ui.data.coregen.dd@6d52c60_ARCHIVE_LOCATION">c:/Users/brehm/Dropbox/Vivado_Projects/sources/ip_cores/project_mips_ip/project_mips_ip.srcs/sources_1/new</xilinx:tag>
        <xilinx:tag xilinx:name="ui.data.coregen.dd@4b24cdc1_ARCHIVE_LOCATION">c:/Users/brehm/Dropbox/Vivado_Projects/sources/ip_cores/project_mips_ip/project_mips_ip.srcs/sources_1/new</xilinx:tag>
        <xilinx:tag xilinx:name="ui.data.coregen.dd@3404ac87_ARCHIVE_LOCATION">c:/Users/brehm/Dropbox/Vivado_Projects/sources/ip_cores/project_mips_ip/project_mips_ip.srcs/sources_1/new</xilinx:tag>
        <xilinx:tag xilinx:name="ui.data.coregen.dd@12d365e2_ARCHIVE_LOCATION">c:/Users/brehm/Dropbox/Vivado_Projects/sources/ip_cores/project_mips_ip/project_mips_ip.srcs/sources_1/new</xilinx:tag>
        <xilinx:tag xilinx:name="ui.data.coregen.dd@f3bb2a1_ARCHIVE_LOCATION">c:/Users/brehm/Dropbox/Vivado_Projects/sources/ip_cores/project_mips_ip/project_mips_ip.srcs/sources_1/new</xilinx:tag>
        <xilinx:tag xilinx:name="ui.data.coregen.dd@72e2b601_ARCHIVE_LOCATION">c:/Users/brehm/Dropbox/Vivado_Projects/sources/ip_cores/project_mips_ip/project_mips_ip.srcs/sources_1/new</xilinx:tag>
        <xilinx:tag xilinx:name="ui.data.coregen.dd@216336_ARCHIVE_LOCATION">c:/Users/brehm/Dropbox/Vivado_Projects/sources/ip_cores/project_mips_ip/project_mips_ip.srcs/sources_1/new</xilinx:tag>
        <xilinx:tag xilinx:name="ui.data.coregen.dd@2047cbff_ARCHIVE_LOCATION">c:/Users/brehm/Dropbox/Vivado_Projects/sources/ip_cores/project_mips_ip/project_mips_ip.srcs/sources_1/new</xilinx:tag>
        <xilinx:tag xilinx:name="ui.data.coregen.dd@69e2df16_ARCHIVE_LOCATION">c:/Users/brehm/Dropbox/Vivado_Projects/sources/ip_cores/project_mips_ip/project_mips_ip.srcs/sources_1/new</xilinx:tag>
        <xilinx:tag xilinx:name="ui.data.coregen.dd@1becd437_ARCHIVE_LOCATION">c:/Users/brehm/Dropbox/Vivado_Projects/sources/ip_cores/project_mips_ip/project_mips_ip.srcs/sources_1/new</xilinx:tag>
        <xilinx:tag xilinx:name="ui.data.coregen.dd@42b35207_ARCHIVE_LOCATION">c:/Users/brehm/Dropbox/Vivado_Projects/sources/ip_cores/project_mips_ip/project_mips_ip.srcs/sources_1/new</xilinx:tag>
        <xilinx:tag xilinx:name="ui.data.coregen.dd@1568db12_ARCHIVE_LOCATION">c:/Users/brehm/Dropbox/Vivado_Projects/sources/ip_cores/project_mips_ip/project_mips_ip.srcs/sources_1/new</xilinx:tag>
        <xilinx:tag xilinx:name="ui.data.coregen.dd@b0e19af_ARCHIVE_LOCATION">c:/Users/brehm/Dropbox/Vivado_Projects/sources/ip_cores/project_mips_ip/project_mips_ip.srcs/sources_1/new</xilinx:tag>
        <xilinx:tag xilinx:name="ui.data.coregen.dd@33b5fbbd_ARCHIVE_LOCATION">c:/Users/brehm/Dropbox/Vivado_Projects/sources/ip_cores/project_mips_ip/project_mips_ip.srcs/sources_1/new</xilinx:tag>
        <xilinx:tag xilinx:name="ui.data.coregen.dd@300cf389_ARCHIVE_LOCATION">c:/Users/brehm/Dropbox/Vivado_Projects/sources/ip_cores/project_mips_ip/project_mips_ip.srcs/sources_1/new</xilinx:tag>
        <xilinx:tag xilinx:name="ui.data.coregen.dd@71e290ba_ARCHIVE_LOCATION">c:/Users/brehm/Dropbox/Vivado_Projects/sources/ip_cores/project_mips_ip/project_mips_ip.srcs/sources_1/new</xilinx:tag>
        <xilinx:tag xilinx:name="ui.data.coregen.dd@3c6c40bf_ARCHIVE_LOCATION">c:/Users/brehm/Dropbox/Vivado_Projects/sources/ip_cores/project_mips_ip/project_mips_ip.srcs/sources_1/new</xilinx:tag>
        <xilinx:tag xilinx:name="ui.data.coregen.dd@51924515_ARCHIVE_LOCATION">c:/Users/brehm/Dropbox/Vivado_Projects/sources/ip_cores/project_mips_ip/project_mips_ip.srcs/sources_1/new</xilinx:tag>
        <xilinx:tag xilinx:name="ui.data.coregen.dd@309a1a5e_ARCHIVE_LOCATION">c:/Users/brehm/Dropbox/Vivado_Projects/sources/ip_cores/project_mips_ip/project_mips_ip.srcs/sources_1/new</xilinx:tag>
        <xilinx:tag xilinx:name="ui.data.coregen.dd@1389e09d_ARCHIVE_LOCATION">c:/Users/brehm/Dropbox/Vivado_Projects/sources/ip_cores/project_mips_ip/project_mips_ip.srcs/sources_1/new</xilinx:tag>
        <xilinx:tag xilinx:name="ui.data.coregen.dd@39858603_ARCHIVE_LOCATION">c:/Users/brehm/Dropbox/Vivado_Projects/sources/ip_cores/project_mips_ip/project_mips_ip.srcs/sources_1/new</xilinx:tag>
        <xilinx:tag xilinx:name="ui.data.coregen.dd@6078f942_ARCHIVE_LOCATION">c:/Users/brehm/Dropbox/Vivado_Projects/sources/ip_cores/project_mips_ip/project_mips_ip.srcs/sources_1/new</xilinx:tag>
        <xilinx:tag xilinx:name="ui.data.coregen.dd@645b33dd_ARCHIVE_LOCATION">c:/Users/brehm/Dropbox/Vivado_Projects/sources/ip_cores/project_mips_ip/project_mips_ip.srcs/sources_1/new</xilinx:tag>
        <xilinx:tag xilinx:name="ui.data.coregen.dd@433271ab_ARCHIVE_LOCATION">c:/Users/brehm/Dropbox/Vivado_Projects/sources/ip_cores/project_mips_ip/project_mips_ip.srcs/sources_1/new</xilinx:tag>
        <xilinx:tag xilinx:name="ui.data.coregen.dd@213a35dc_ARCHIVE_LOCATION">c:/Users/brehm/Dropbox/Vivado_Projects/sources/ip_cores/project_mips_ip/project_mips_ip.srcs/sources_1/new</xilinx:tag>
        <xilinx:tag xilinx:name="ui.data.coregen.dd@1b0f3fa5_ARCHIVE_LOCATION">c:/Users/brehm/Dropbox/Vivado_Projects/sources/ip_cores/project_mips_ip/project_mips_ip.srcs/sources_1/new</xilinx:tag>
        <xilinx:tag xilinx:name="ui.data.coregen.dd@75eba545_ARCHIVE_LOCATION">c:/Users/brehm/Dropbox/Vivado_Projects/sources/ip_cores/project_mips_ip/project_mips_ip.srcs/sources_1/new</xilinx:tag>
        <xilinx:tag xilinx:name="ui.data.coregen.dd@5ab961ae_ARCHIVE_LOCATION">c:/Users/brehm/Dropbox/Vivado_Projects/sources/ip_cores/project_mips_ip/project_mips_ip.srcs/sources_1/new</xilinx:tag>
        <xilinx:tag xilinx:name="ui.data.coregen.dd@42404300_ARCHIVE_LOCATION">c:/Users/brehm/Dropbox/Vivado_Projects/sources/ip_cores/project_mips_ip/project_mips_ip.srcs/sources_1/new</xilinx:tag>
        <xilinx:tag xilinx:name="ui.data.coregen.dd@bbd89fc_ARCHIVE_LOCATION">c:/Users/brehm/Dropbox/Vivado_Projects/sources/ip_cores/project_mips_ip/project_mips_ip.srcs/sources_1/new</xilinx:tag>
        <xilinx:tag xilinx:name="ui.data.coregen.dd@40eece16_ARCHIVE_LOCATION">c:/Users/brehm/Dropbox/Vivado_Projects/sources/ip_cores/project_mips_ip/project_mips_ip.srcs/sources_1/new</xilinx:tag>
        <xilinx:tag xilinx:name="ui.data.coregen.dd@a8149e9_ARCHIVE_LOCATION">c:/Users/brehm/Dropbox/Vivado_Projects/sources/ip_cores/project_mips_ip/project_mips_ip.srcs/sources_1/new</xilinx:tag>
        <xilinx:tag xilinx:name="ui.data.coregen.dd@5b0c3983_ARCHIVE_LOCATION">c:/Users/brehm/Dropbox/Vivado_Projects/sources/ip_cores/project_mips_ip/project_mips_ip.srcs/sources_1/new</xilinx:tag>
        <xilinx:tag xilinx:name="ui.data.coregen.dd@4c002575_ARCHIVE_LOCATION">c:/Users/brehm/Dropbox/Vivado_Projects/sources/ip_cores/project_mips_ip/project_mips_ip.srcs/sources_1/new</xilinx:tag>
        <xilinx:tag xilinx:name="ui.data.coregen.dd@a6a9b11_ARCHIVE_LOCATION">c:/Users/brehm/Dropbox/Vivado_Projects/sources/ip_cores/project_mips_ip/project_mips_ip.srcs/sources_1/new</xilinx:tag>
        <xilinx:tag xilinx:name="ui.data.coregen.dd@55209edb_ARCHIVE_LOCATION">c:/Users/brehm/Dropbox/Vivado_Projects/sources/ip_cores/project_mips_ip/project_mips_ip.srcs/sources_1/new</xilinx:tag>
        <xilinx:tag xilinx:name="ui.data.coregen.dd@3558cf87_ARCHIVE_LOCATION">c:/Users/brehm/Dropbox/Vivado_Projects/sources/ip_cores/project_mips_ip/project_mips_ip.srcs/sources_1/new</xilinx:tag>
        <xilinx:tag xilinx:name="ui.data.coregen.dd@26fc0ea9_ARCHIVE_LOCATION">c:/Users/brehm/Dropbox/Vivado_Projects/sources/ip_cores/project_mips_ip/project_mips_ip.srcs/sources_1/new</xilinx:tag>
        <xilinx:tag xilinx:name="ui.data.coregen.dd@45d437d9_ARCHIVE_LOCATION">c:/Users/brehm/Dropbox/Vivado_Projects/sources/ip_cores/project_mips_ip/project_mips_ip.srcs/sources_1/new</xilinx:tag>
        <xilinx:tag xilinx:name="ui.data.coregen.dd@4d5e222d_ARCHIVE_LOCATION">c:/Users/brehm/Dropbox/Vivado_Projects/sources/ip_cores/project_mips_ip/project_mips_ip.srcs/sources_1/new</xilinx:tag>
        <xilinx:tag xilinx:name="ui.data.coregen.dd@5cca85d8_ARCHIVE_LOCATION">c:/Users/brehm/Dropbox/Vivado_Projects/sources/ip_cores/project_mips_ip/project_mips_ip.srcs/sources_1/new</xilinx:tag>
        <xilinx:tag xilinx:name="ui.data.coregen.dd@61b4a3b4_ARCHIVE_LOCATION">c:/Users/brehm/Dropbox/Vivado_Projects/sources/ip_cores/project_mips_ip/project_mips_ip.srcs/sources_1/new</xilinx:tag>
        <xilinx:tag xilinx:name="ui.data.coregen.dd@4a3b2c38_ARCHIVE_LOCATION">c:/Users/brehm/Dropbox/Vivado_Projects/sources/ip_cores/project_mips_ip/project_mips_ip.srcs/sources_1/new</xilinx:tag>
        <xilinx:tag xilinx:name="ui.data.coregen.dd@7db9c95e_ARCHIVE_LOCATION">c:/Users/brehm/Dropbox/Vivado_Projects/sources/ip_cores/project_mips_ip/project_mips_ip.srcs/sources_1/new</xilinx:tag>
        <xilinx:tag xilinx:name="ui.data.coregen.dd@758a2cb5_ARCHIVE_LOCATION">c:/Users/brehm/Dropbox/Vivado_Projects/sources/ip_cores/project_mips_ip/project_mips_ip.srcs/sources_1/new</xilinx:tag>
        <xilinx:tag xilinx:name="ui.data.coregen.dd@2fabbdcf_ARCHIVE_LOCATION">c:/Users/brehm/Dropbox/Vivado_Projects/sources/ip_cores/project_mips_ip/project_mips_ip.srcs/sources_1/new</xilinx:tag>
        <xilinx:tag xilinx:name="ui.data.coregen.dd@39a4b4b0_ARCHIVE_LOCATION">c:/Users/brehm/Dropbox/Vivado_Projects/sources/ip_cores/project_mips_ip/project_mips_ip.srcs/sources_1/new</xilinx:tag>
        <xilinx:tag xilinx:name="ui.data.coregen.dd@e92b334_ARCHIVE_LOCATION">c:/Users/brehm/Dropbox/Vivado_Projects/sources/ip_cores/project_mips_ip/project_mips_ip.srcs/sources_1/new</xilinx:tag>
        <xilinx:tag xilinx:name="ui.data.coregen.dd@1c448d39_ARCHIVE_LOCATION">c:/Users/brehm/Dropbox/Vivado_Projects/sources/ip_cores/project_mips_ip/project_mips_ip.srcs/sources_1/new</xilinx:tag>
        <xilinx:tag xilinx:name="ui.data.coregen.dd@6f44e97d_ARCHIVE_LOCATION">c:/Users/brehm/Dropbox/Vivado_Projects/sources/ip_cores/project_mips_ip/project_mips_ip.srcs/sources_1/new</xilinx:tag>
        <xilinx:tag xilinx:name="ui.data.coregen.dd@732e50fe_ARCHIVE_LOCATION">c:/Users/brehm/Dropbox/Vivado_Projects/sources/ip_cores/project_mips_ip/project_mips_ip.srcs/sources_1/new</xilinx:tag>
        <xilinx:tag xilinx:name="ui.data.coregen.dd@4399aa50_ARCHIVE_LOCATION">c:/Users/brehm/Dropbox/Vivado_Projects/sources/ip_cores/project_mips_ip/project_mips_ip.srcs/sources_1/new</xilinx:tag>
        <xilinx:tag xilinx:name="ui.data.coregen.dd@4a77d943_ARCHIVE_LOCATION">c:/Users/brehm/Dropbox/Vivado_Projects/sources/ip_cores/project_mips_ip/project_mips_ip.srcs/sources_1/new</xilinx:tag>
        <xilinx:tag xilinx:name="ui.data.coregen.dd@6a12bc9e_ARCHIVE_LOCATION">c:/Users/brehm/Dropbox/Vivado_Projects/sources/ip_cores/project_mips_ip/project_mips_ip.srcs/sources_1/new</xilinx:tag>
        <xilinx:tag xilinx:name="ui.data.coregen.dd@29aad6b6_ARCHIVE_LOCATION">c:/Users/brehm/Dropbox/Vivado_Projects/sources/ip_cores/project_mips_ip/project_mips_ip.srcs/sources_1/new</xilinx:tag>
        <xilinx:tag xilinx:name="ui.data.coregen.dd@69a00f29_ARCHIVE_LOCATION">c:/Users/brehm/Dropbox/Vivado_Projects/sources/ip_cores/project_mips_ip/project_mips_ip.srcs/sources_1/new</xilinx:tag>
        <xilinx:tag xilinx:name="ui.data.coregen.dd@6a95c53f_ARCHIVE_LOCATION">c:/Users/brehm/Dropbox/Vivado_Projects/sources/ip_cores/project_mips_ip/project_mips_ip.srcs/sources_1/new</xilinx:tag>
        <xilinx:tag xilinx:name="ui.data.coregen.dd@2530edab_ARCHIVE_LOCATION">c:/Users/brehm/Dropbox/Vivado_Projects/sources/ip_cores/project_mips_ip/project_mips_ip.srcs/sources_1/new</xilinx:tag>
        <xilinx:tag xilinx:name="ui.data.coregen.dd@38cb51fa_ARCHIVE_LOCATION">c:/Users/brehm/Dropbox/Vivado_Projects/sources/ip_cores/project_mips_ip/project_mips_ip.srcs/sources_1/new</xilinx:tag>
        <xilinx:tag xilinx:name="ui.data.coregen.dd@2323b525_ARCHIVE_LOCATION">c:/Users/brehm/Dropbox/Vivado_Projects/sources/ip_cores/project_mips_ip/project_mips_ip.srcs/sources_1/new</xilinx:tag>
        <xilinx:tag xilinx:name="ui.data.coregen.dd@79b879a2_ARCHIVE_LOCATION">c:/Users/brehm/Dropbox/Vivado_Projects/sources/ip_cores/project_mips_ip/project_mips_ip.srcs/sources_1/new</xilinx:tag>
        <xilinx:tag xilinx:name="ui.data.coregen.dd@326a66b7_ARCHIVE_LOCATION">c:/Users/brehm/Dropbox/Vivado_Projects/sources/ip_cores/project_mips_ip/project_mips_ip.srcs/sources_1/new</xilinx:tag>
        <xilinx:tag xilinx:name="ui.data.coregen.dd@477a09dc_ARCHIVE_LOCATION">c:/Users/brehm/Dropbox/Vivado_Projects/sources/ip_cores/project_mips_ip/project_mips_ip.srcs/sources_1/new</xilinx:tag>
        <xilinx:tag xilinx:name="ui.data.coregen.dd@6d33e4a2_ARCHIVE_LOCATION">c:/Users/brehm/Dropbox/Vivado_Projects/sources/ip_cores/project_mips_ip/project_mips_ip.srcs/sources_1/new</xilinx:tag>
        <xilinx:tag xilinx:name="ui.data.coregen.dd@4d1ba9ca_ARCHIVE_LOCATION">c:/Users/brehm/Dropbox/Vivado_Projects/sources/ip_cores/project_mips_ip/project_mips_ip.srcs/sources_1/new</xilinx:tag>
        <xilinx:tag xilinx:name="ui.data.coregen.dd@47432fdd_ARCHIVE_LOCATION">c:/Users/brehm/Dropbox/Vivado_Projects/sources/ip_cores/project_mips_ip/project_mips_ip.srcs/sources_1/new</xilinx:tag>
        <xilinx:tag xilinx:name="ui.data.coregen.dd@1145c351_ARCHIVE_LOCATION">c:/Users/brehm/Dropbox/Vivado_Projects/sources/ip_cores/project_mips_ip/project_mips_ip.srcs/sources_1/new</xilinx:tag>
        <xilinx:tag xilinx:name="ui.data.coregen.dd@3b364efc_ARCHIVE_LOCATION">c:/Users/brehm/Dropbox/Vivado_Projects/sources/ip_cores/project_mips_ip/project_mips_ip.srcs/sources_1/new</xilinx:tag>
        <xilinx:tag xilinx:name="ui.data.coregen.dd@84d7aa9_ARCHIVE_LOCATION">c:/Users/brehm/Dropbox/Vivado_Projects/sources/ip_cores/project_mips_ip/project_mips_ip.srcs/sources_1/new</xilinx:tag>
        <xilinx:tag xilinx:name="ui.data.coregen.dd@6cdff31b_ARCHIVE_LOCATION">c:/Users/brehm/Dropbox/Vivado_Projects/sources/ip_cores/project_mips_ip/project_mips_ip.srcs/sources_1/new</xilinx:tag>
        <xilinx:tag xilinx:name="ui.data.coregen.dd@7d0122dd_ARCHIVE_LOCATION">c:/Users/brehm/Dropbox/Vivado_Projects/sources/ip_cores/project_mips_ip/project_mips_ip.srcs/sources_1/new</xilinx:tag>
        <xilinx:tag xilinx:name="ui.data.coregen.dd@584cbbb4_ARCHIVE_LOCATION">c:/Users/brehm/Dropbox/Vivado_Projects/sources/ip_cores/project_mips_ip/project_mips_ip.srcs/sources_1/new</xilinx:tag>
        <xilinx:tag xilinx:name="ui.data.coregen.dd@366dcbe4_ARCHIVE_LOCATION">c:/Users/brehm/Dropbox/Vivado_Projects/sources/ip_cores/project_mips_ip/project_mips_ip.srcs/sources_1/new</xilinx:tag>
        <xilinx:tag xilinx:name="ui.data.coregen.dd@6c2d0b7f_ARCHIVE_LOCATION">c:/Users/brehm/Dropbox/Vivado_Projects/sources/ip_cores/project_mips_ip/project_mips_ip.srcs/sources_1/new</xilinx:tag>
        <xilinx:tag xilinx:name="ui.data.coregen.dd@d92a425_ARCHIVE_LOCATION">c:/Users/brehm/Dropbox/Vivado_Projects/sources/ip_cores/project_mips_ip/project_mips_ip.srcs/sources_1/new</xilinx:tag>
        <xilinx:tag xilinx:name="ui.data.coregen.dd@4170dc0c_ARCHIVE_LOCATION">c:/Users/brehm/Dropbox/Vivado_Projects/sources/ip_cores/project_mips_ip/project_mips_ip.srcs/sources_1/new</xilinx:tag>
        <xilinx:tag xilinx:name="ui.data.coregen.dd@983194_ARCHIVE_LOCATION">c:/Users/brehm/Dropbox/Vivado_Projects/sources/ip_cores/project_mips_ip/project_mips_ip.srcs/sources_1/new</xilinx:tag>
        <xilinx:tag xilinx:name="ui.data.coregen.dd@9dbd283_ARCHIVE_LOCATION">c:/Users/brehm/Dropbox/Vivado_Projects/sources/ip_cores/project_mips_ip/project_mips_ip.srcs/sources_1/new</xilinx:tag>
        <xilinx:tag xilinx:name="ui.data.coregen.dd@3ffb0127_ARCHIVE_LOCATION">c:/Users/brehm/Dropbox/Vivado_Projects/sources/ip_cores/project_mips_ip/project_mips_ip.srcs/sources_1/new</xilinx:tag>
        <xilinx:tag xilinx:name="ui.data.coregen.dd@5e968c33_ARCHIVE_LOCATION">c:/Users/brehm/Dropbox/Vivado_Projects/sources/ip_cores/project_mips_ip/project_mips_ip.srcs/sources_1/new</xilinx:tag>
        <xilinx:tag xilinx:name="ui.data.coregen.dd@7719c23b_ARCHIVE_LOCATION">c:/Users/brehm/Dropbox/Vivado_Projects/sources/ip_cores/project_mips_ip/project_mips_ip.srcs/sources_1/new</xilinx:tag>
        <xilinx:tag xilinx:name="ui.data.coregen.dd@49995313_ARCHIVE_LOCATION">c:/Users/brehm/Dropbox/Vivado_Projects/sources/ip_cores/project_mips_ip/project_mips_ip.srcs/sources_1/new</xilinx:tag>
        <xilinx:tag xilinx:name="ui.data.coregen.dd@479c7616_ARCHIVE_LOCATION">c:/Users/brehm/Dropbox/Vivado_Projects/sources/ip_cores/project_mips_ip/project_mips_ip.srcs/sources_1/new</xilinx:tag>
        <xilinx:tag xilinx:name="ui.data.coregen.dd@70f0477b_ARCHIVE_LOCATION">c:/Users/brehm/Dropbox/Vivado_Projects/sources/ip_cores/project_mips_ip/project_mips_ip.srcs/sources_1/new</xilinx:tag>
        <xilinx:tag xilinx:name="ui.data.coregen.dd@7812d9ac_ARCHIVE_LOCATION">c:/Users/brehm/Dropbox/Vivado_Projects/sources/ip_cores/project_mips_ip/project_mips_ip.srcs/sources_1/new</xilinx:tag>
        <xilinx:tag xilinx:name="ui.data.coregen.dd@678332ec_ARCHIVE_LOCATION">c:/Users/brehm/Dropbox/Vivado_Projects/sources/ip_cores/project_mips_ip/project_mips_ip.srcs/sources_1/new</xilinx:tag>
        <xilinx:tag xilinx:name="ui.data.coregen.dd@63a9837f_ARCHIVE_LOCATION">c:/Users/brehm/Dropbox/Vivado_Projects/sources/ip_cores/project_mips_ip/project_mips_ip.srcs/sources_1/new</xilinx:tag>
        <xilinx:tag xilinx:name="ui.data.coregen.dd@66719930_ARCHIVE_LOCATION">c:/Users/brehm/Dropbox/Vivado_Projects/sources/ip_cores/project_mips_ip/project_mips_ip.srcs/sources_1/new</xilinx:tag>
        <xilinx:tag xilinx:name="ui.data.coregen.dd@2c6686a1_ARCHIVE_LOCATION">c:/Users/brehm/Dropbox/Vivado_Projects/sources/ip_cores/project_mips_ip/project_mips_ip.srcs/sources_1/new</xilinx:tag>
        <xilinx:tag xilinx:name="ui.data.coregen.dd@7947fba8_ARCHIVE_LOCATION">c:/Users/brehm/Dropbox/Vivado_Projects/sources/ip_cores/project_mips_ip/project_mips_ip.srcs/sources_1/new</xilinx:tag>
        <xilinx:tag xilinx:name="ui.data.coregen.dd@1a81b465_ARCHIVE_LOCATION">c:/Users/brehm/Dropbox/Vivado_Projects/sources/ip_cores/project_mips_ip/project_mips_ip.srcs/sources_1/new</xilinx:tag>
        <xilinx:tag xilinx:name="ui.data.coregen.dd@4bdbbb01_ARCHIVE_LOCATION">c:/Users/brehm/Dropbox/Vivado_Projects/sources/ip_cores/project_mips_ip/project_mips_ip.srcs/sources_1/new</xilinx:tag>
        <xilinx:tag xilinx:name="ui.data.coregen.dd@75b50131_ARCHIVE_LOCATION">c:/Users/brehm/Dropbox/Vivado_Projects/sources/ip_cores/project_mips_ip/project_mips_ip.srcs/sources_1/new</xilinx:tag>
        <xilinx:tag xilinx:name="ui.data.coregen.dd@260d89ec_ARCHIVE_LOCATION">c:/Users/brehm/Dropbox/Vivado_Projects/sources/ip_cores/project_mips_ip/project_mips_ip.srcs/sources_1/new</xilinx:tag>
        <xilinx:tag xilinx:name="ui.data.coregen.dd@66c2fa46_ARCHIVE_LOCATION">c:/Users/brehm/Dropbox/Vivado_Projects/sources/ip_cores/project_mips_ip/project_mips_ip.srcs/sources_1/new</xilinx:tag>
        <xilinx:tag xilinx:name="ui.data.coregen.dd@632492_ARCHIVE_LOCATION">c:/Users/brehm/Dropbox/Vivado_Projects/sources/ip_cores/project_mips_ip/project_mips_ip.srcs/sources_1/new</xilinx:tag>
        <xilinx:tag xilinx:name="ui.data.coregen.dd@7ddbe08a_ARCHIVE_LOCATION">c:/Users/brehm/Dropbox/Vivado_Projects/sources/ip_cores/project_mips_ip/project_mips_ip.srcs/sources_1/new</xilinx:tag>
        <xilinx:tag xilinx:name="ui.data.coregen.dd@7e8c54b1_ARCHIVE_LOCATION">c:/Users/brehm/Dropbox/Vivado_Projects/sources/ip_cores/project_mips_ip/project_mips_ip.srcs/sources_1/new</xilinx:tag>
        <xilinx:tag xilinx:name="ui.data.coregen.dd@19f45aa8_ARCHIVE_LOCATION">c:/Users/brehm/Dropbox/Vivado_Projects/sources/ip_cores/project_mips_ip/project_mips_ip.srcs/sources_1/new</xilinx:tag>
        <xilinx:tag xilinx:name="ui.data.coregen.dd@2bed3475_ARCHIVE_LOCATION">c:/Users/brehm/Dropbox/Vivado_Projects/sources/ip_cores/project_mips_ip/project_mips_ip.srcs/sources_1/new</xilinx:tag>
        <xilinx:tag xilinx:name="ui.data.coregen.dd@49a2249e_ARCHIVE_LOCATION">c:/Users/brehm/Dropbox/Vivado_Projects/sources/ip_cores/project_mips_ip/project_mips_ip.srcs/sources_1/new</xilinx:tag>
        <xilinx:tag xilinx:name="ui.data.coregen.dd@649e8f58_ARCHIVE_LOCATION">c:/Users/brehm/Dropbox/Vivado_Projects/sources/ip_cores/project_mips_ip/project_mips_ip.srcs/sources_1/new</xilinx:tag>
        <xilinx:tag xilinx:name="ui.data.coregen.dd@4dd3ef51_ARCHIVE_LOCATION">c:/Users/brehm/Dropbox/Vivado_Projects/sources/ip_cores/project_mips_ip/project_mips_ip.srcs/sources_1/new</xilinx:tag>
        <xilinx:tag xilinx:name="ui.data.coregen.dd@504c2fb2_ARCHIVE_LOCATION">c:/Users/brehm/Dropbox/Vivado_Projects/sources/ip_cores/project_mips_ip/project_mips_ip.srcs/sources_1/new</xilinx:tag>
        <xilinx:tag xilinx:name="ui.data.coregen.dd@c62e385_ARCHIVE_LOCATION">c:/Users/brehm/Dropbox/Vivado_Projects/sources/ip_cores/project_mips_ip/project_mips_ip.srcs/sources_1/new</xilinx:tag>
        <xilinx:tag xilinx:name="ui.data.coregen.dd@36fcb98a_ARCHIVE_LOCATION">c:/Users/brehm/Dropbox/Vivado_Projects/sources/ip_cores/project_mips_ip/project_mips_ip.srcs/sources_1/new</xilinx:tag>
        <xilinx:tag xilinx:name="ui.data.coregen.dd@6fa281f_ARCHIVE_LOCATION">c:/Users/brehm/Dropbox/Vivado_Projects/sources/ip_cores/project_mips_ip/project_mips_ip.srcs/sources_1/new</xilinx:tag>
        <xilinx:tag xilinx:name="ui.data.coregen.dd@5fb46810_ARCHIVE_LOCATION">c:/Users/brehm/Dropbox/Vivado_Projects/sources/ip_cores/project_mips_ip/project_mips_ip.srcs/sources_1/new</xilinx:tag>
        <xilinx:tag xilinx:name="ui.data.coregen.dd@72b0fb8b_ARCHIVE_LOCATION">c:/Users/brehm/Dropbox/Vivado_Projects/sources/ip_cores/project_mips_ip/project_mips_ip.srcs/sources_1/new</xilinx:tag>
        <xilinx:tag xilinx:name="ui.data.coregen.dd@56bf1a8c_ARCHIVE_LOCATION">c:/Users/brehm/Dropbox/Vivado_Projects/sources/ip_cores/project_mips_ip/project_mips_ip.srcs/sources_1/new</xilinx:tag>
        <xilinx:tag xilinx:name="ui.data.coregen.dd@6507ba78_ARCHIVE_LOCATION">c:/Users/brehm/Dropbox/Vivado_Projects/sources/ip_cores/project_mips_ip/project_mips_ip.srcs/sources_1/new</xilinx:tag>
        <xilinx:tag xilinx:name="ui.data.coregen.dd@738c443f_ARCHIVE_LOCATION">c:/Users/brehm/Dropbox/Vivado_Projects/sources/ip_cores/project_mips_ip/project_mips_ip.srcs/sources_1/new</xilinx:tag>
        <xilinx:tag xilinx:name="ui.data.coregen.dd@73fab1e1_ARCHIVE_LOCATION">c:/Users/brehm/Dropbox/Vivado_Projects/sources/ip_cores/project_mips_ip/project_mips_ip.srcs/sources_1/new</xilinx:tag>
        <xilinx:tag xilinx:name="ui.data.coregen.dd@6c0d2a51_ARCHIVE_LOCATION">c:/Users/brehm/Dropbox/Vivado_Projects/sources/ip_cores/project_mips_ip/project_mips_ip.srcs/sources_1/new</xilinx:tag>
        <xilinx:tag xilinx:name="ui.data.coregen.dd@136e50ce_ARCHIVE_LOCATION">c:/Users/brehm/Dropbox/Vivado_Projects/sources/ip_cores/project_mips_ip/project_mips_ip.srcs/sources_1/new</xilinx:tag>
        <xilinx:tag xilinx:name="ui.data.coregen.dd@7c49c15_ARCHIVE_LOCATION">c:/Users/brehm/Dropbox/Vivado_Projects/sources/ip_cores/project_mips_ip/project_mips_ip.srcs/sources_1/new</xilinx:tag>
        <xilinx:tag xilinx:name="ui.data.coregen.dd@1f52dd7_ARCHIVE_LOCATION">c:/Users/brehm/Dropbox/Vivado_Projects/sources/ip_cores/project_mips_ip/project_mips_ip.srcs/sources_1/new</xilinx:tag>
        <xilinx:tag xilinx:name="ui.data.coregen.dd@6cfac24_ARCHIVE_LOCATION">c:/Users/brehm/Dropbox/Vivado_Projects/sources/ip_cores/project_mips_ip/project_mips_ip.srcs/sources_1/new</xilinx:tag>
        <xilinx:tag xilinx:name="ui.data.coregen.dd@33de8f12_ARCHIVE_LOCATION">c:/Users/brehm/Dropbox/Vivado_Projects/sources/ip_cores/project_mips_ip/project_mips_ip.srcs/sources_1/new</xilinx:tag>
        <xilinx:tag xilinx:name="ui.data.coregen.dd@2ded21ef_ARCHIVE_LOCATION">c:/Users/brehm/Dropbox/Vivado_Projects/sources/ip_cores/project_mips_ip/project_mips_ip.srcs/sources_1/new</xilinx:tag>
        <xilinx:tag xilinx:name="ui.data.coregen.dd@12fe23c7_ARCHIVE_LOCATION">c:/Users/brehm/Dropbox/Vivado_Projects/sources/ip_cores/project_mips_ip/project_mips_ip.srcs/sources_1/new</xilinx:tag>
        <xilinx:tag xilinx:name="ui.data.coregen.dd@cc99356_ARCHIVE_LOCATION">c:/Users/brehm/Dropbox/Vivado_Projects/sources/ip_cores/project_mips_ip/project_mips_ip.srcs/sources_1/new</xilinx:tag>
        <xilinx:tag xilinx:name="ui.data.coregen.dd@131c16e4_ARCHIVE_LOCATION">c:/Users/brehm/Dropbox/Vivado_Projects/sources/ip_cores/project_mips_ip/project_mips_ip.srcs/sources_1/new</xilinx:tag>
        <xilinx:tag xilinx:name="ui.data.coregen.dd@2ebfc1da_ARCHIVE_LOCATION">c:/Users/brehm/Dropbox/Vivado_Projects/sources/ip_cores/project_mips_ip/project_mips_ip.srcs/sources_1/new</xilinx:tag>
        <xilinx:tag xilinx:name="ui.data.coregen.dd@e02656_ARCHIVE_LOCATION">c:/Users/brehm/Dropbox/Vivado_Projects/sources/ip_cores/project_mips_ip/project_mips_ip.srcs/sources_1/new</xilinx:tag>
        <xilinx:tag xilinx:name="ui.data.coregen.dd@328ec994_ARCHIVE_LOCATION">c:/Users/brehm/Dropbox/Vivado_Projects/sources/ip_cores/project_mips_ip/project_mips_ip.srcs/sources_1/new</xilinx:tag>
        <xilinx:tag xilinx:name="ui.data.coregen.dd@1f5e0072_ARCHIVE_LOCATION">c:/Users/brehm/Dropbox/Vivado_Projects/sources/ip_cores/project_mips_ip/project_mips_ip.srcs/sources_1/new</xilinx:tag>
        <xilinx:tag xilinx:name="ui.data.coregen.dd@2b193124_ARCHIVE_LOCATION">c:/Users/brehm/Dropbox/Vivado_Projects/sources/ip_cores/project_mips_ip/project_mips_ip.srcs/sources_1/new</xilinx:tag>
        <xilinx:tag xilinx:name="ui.data.coregen.dd@209c167d_ARCHIVE_LOCATION">c:/Users/brehm/Dropbox/Vivado_Projects/sources/ip_cores/project_mips_ip/project_mips_ip.srcs/sources_1/new</xilinx:tag>
        <xilinx:tag xilinx:name="ui.data.coregen.dd@126d91a3_ARCHIVE_LOCATION">c:/Users/brehm/Dropbox/Vivado_Projects/sources/ip_cores/project_mips_ip/project_mips_ip.srcs/sources_1/new</xilinx:tag>
        <xilinx:tag xilinx:name="ui.data.coregen.dd@7c3a01af_ARCHIVE_LOCATION">c:/Users/brehm/Dropbox/Vivado_Projects/sources/ip_cores/project_mips_ip/project_mips_ip.srcs/sources_1/new</xilinx:tag>
        <xilinx:tag xilinx:name="ui.data.coregen.dd@3088a0b0_ARCHIVE_LOCATION">c:/Users/brehm/Dropbox/Vivado_Projects/sources/ip_cores/project_mips_ip/project_mips_ip.srcs/sources_1/new</xilinx:tag>
        <xilinx:tag xilinx:name="ui.data.coregen.dd@45799d45_ARCHIVE_LOCATION">c:/Users/brehm/Dropbox/Vivado_Projects/sources/ip_cores/project_mips_ip/project_mips_ip.srcs/sources_1/new</xilinx:tag>
        <xilinx:tag xilinx:name="ui.data.coregen.dd@11ee348f_ARCHIVE_LOCATION">c:/Users/brehm/Dropbox/Vivado_Projects/sources/ip_cores/project_mips_ip/project_mips_ip.srcs/sources_1/new</xilinx:tag>
        <xilinx:tag xilinx:name="ui.data.coregen.dd@a2eac51_ARCHIVE_LOCATION">c:/Users/brehm/Dropbox/Vivado_Projects/sources/ip_cores/project_mips_ip/project_mips_ip.srcs/sources_1/new</xilinx:tag>
        <xilinx:tag xilinx:name="ui.data.coregen.dd@405d8812_ARCHIVE_LOCATION">c:/Users/brehm/Dropbox/Vivado_Projects/sources/ip_cores/project_mips_ip/project_mips_ip.srcs/sources_1/new</xilinx:tag>
        <xilinx:tag xilinx:name="ui.data.coregen.dd@290d7069_ARCHIVE_LOCATION">c:/Users/brehm/Dropbox/Vivado_Projects/sources/ip_cores/project_mips_ip/project_mips_ip.srcs/sources_1/new</xilinx:tag>
        <xilinx:tag xilinx:name="ui.data.coregen.dd@3c55af4d_ARCHIVE_LOCATION">c:/Users/brehm/Dropbox/Vivado_Projects/sources/ip_cores/project_mips_ip/project_mips_ip.srcs/sources_1/new</xilinx:tag>
        <xilinx:tag xilinx:name="ui.data.coregen.dd@5840168a_ARCHIVE_LOCATION">c:/Users/brehm/Dropbox/Vivado_Projects/sources/ip_cores/project_mips_ip/project_mips_ip.srcs/sources_1/new</xilinx:tag>
        <xilinx:tag xilinx:name="ui.data.coregen.dd@15d64322_ARCHIVE_LOCATION">c:/Users/brehm/Dropbox/Vivado_Projects/sources/ip_cores/project_mips_ip/project_mips_ip.srcs/sources_1/new</xilinx:tag>
        <xilinx:tag xilinx:name="ui.data.coregen.dd@45c153e0_ARCHIVE_LOCATION">c:/Users/brehm/Dropbox/Vivado_Projects/sources/ip_cores/project_mips_ip/project_mips_ip.srcs/sources_1/new</xilinx:tag>
        <xilinx:tag xilinx:name="ui.data.coregen.dd@c23713c_ARCHIVE_LOCATION">c:/Users/brehm/Dropbox/Vivado_Projects/sources/ip_cores/project_mips_ip/project_mips_ip.srcs/sources_1/new</xilinx:tag>
        <xilinx:tag xilinx:name="ui.data.coregen.dd@1f241362_ARCHIVE_LOCATION">c:/Users/brehm/Dropbox/Vivado_Projects/sources/ip_cores/project_mips_ip/project_mips_ip.srcs/sources_1/new</xilinx:tag>
        <xilinx:tag xilinx:name="ui.data.coregen.dd@5b8568b4_ARCHIVE_LOCATION">c:/Users/brehm/Dropbox/Vivado_Projects/sources/ip_cores/project_mips_ip/project_mips_ip.srcs/sources_1/new</xilinx:tag>
        <xilinx:tag xilinx:name="ui.data.coregen.dd@742b79fb_ARCHIVE_LOCATION">c:/Users/brehm/Dropbox/Vivado_Projects/sources/ip_cores/project_mips_ip/project_mips_ip.srcs/sources_1/new</xilinx:tag>
        <xilinx:tag xilinx:name="ui.data.coregen.dd@3c54ec7_ARCHIVE_LOCATION">c:/Users/brehm/Dropbox/Vivado_Projects/sources/ip_cores/project_mips_ip/project_mips_ip.srcs/sources_1/new</xilinx:tag>
        <xilinx:tag xilinx:name="ui.data.coregen.dd@2fa3617c_ARCHIVE_LOCATION">c:/Users/brehm/Dropbox/Vivado_Projects/sources/ip_cores/project_mips_ip/project_mips_ip.srcs/sources_1/new</xilinx:tag>
        <xilinx:tag xilinx:name="ui.data.coregen.dd@6358b77c_ARCHIVE_LOCATION">c:/Users/brehm/Dropbox/Vivado_Projects/sources/ip_cores/project_mips_ip/project_mips_ip.srcs/sources_1/new</xilinx:tag>
        <xilinx:tag xilinx:name="ui.data.coregen.dd@1a2480f8_ARCHIVE_LOCATION">c:/Users/brehm/Dropbox/Vivado_Projects/sources/ip_cores/project_mips_ip/project_mips_ip.srcs/sources_1/new</xilinx:tag>
        <xilinx:tag xilinx:name="ui.data.coregen.dd@6ae9b904_ARCHIVE_LOCATION">c:/Users/brehm/Dropbox/Vivado_Projects/sources/ip_cores/project_mips_ip/project_mips_ip.srcs/sources_1/new</xilinx:tag>
        <xilinx:tag xilinx:name="ui.data.coregen.dd@4fce32e6_ARCHIVE_LOCATION">c:/Users/brehm/Dropbox/Vivado_Projects/sources/ip_cores/project_mips_ip/project_mips_ip.srcs/sources_1/new</xilinx:tag>
        <xilinx:tag xilinx:name="ui.data.coregen.dd@3ca9bb3f_ARCHIVE_LOCATION">c:/Users/brehm/Dropbox/Vivado_Projects/sources/ip_cores/project_mips_ip/project_mips_ip.srcs/sources_1/new</xilinx:tag>
        <xilinx:tag xilinx:name="ui.data.coregen.dd@241f48a3_ARCHIVE_LOCATION">c:/Users/brehm/Dropbox/Vivado_Projects/sources/ip_cores/project_mips_ip/project_mips_ip.srcs/sources_1/new</xilinx:tag>
        <xilinx:tag xilinx:name="ui.data.coregen.dd@147081c7_ARCHIVE_LOCATION">c:/Users/brehm/Dropbox/Vivado_Projects/sources/ip_cores/project_mips_ip/project_mips_ip.srcs/sources_1/new</xilinx:tag>
        <xilinx:tag xilinx:name="ui.data.coregen.dd@2be3471d_ARCHIVE_LOCATION">c:/Users/brehm/Dropbox/Vivado_Projects/sources/ip_cores/project_mips_ip/project_mips_ip.srcs/sources_1/new</xilinx:tag>
        <xilinx:tag xilinx:name="ui.data.coregen.dd@9fa3957_ARCHIVE_LOCATION">c:/Users/brehm/Dropbox/Vivado_Projects/sources/ip_cores/project_mips_ip/project_mips_ip.srcs/sources_1/new</xilinx:tag>
        <xilinx:tag xilinx:name="ui.data.coregen.dd@4e2cd551_ARCHIVE_LOCATION">c:/Users/brehm/Dropbox/Vivado_Projects/sources/ip_cores/project_mips_ip/project_mips_ip.srcs/sources_1/new</xilinx:tag>
        <xilinx:tag xilinx:name="ui.data.coregen.dd@51c78374_ARCHIVE_LOCATION">c:/Users/brehm/Dropbox/Vivado_Projects/sources/ip_cores/project_mips_ip/project_mips_ip.srcs/sources_1/new</xilinx:tag>
        <xilinx:tag xilinx:name="ui.data.coregen.dd@137d35ab_ARCHIVE_LOCATION">c:/Users/brehm/Dropbox/Vivado_Projects/sources/ip_cores/project_mips_ip/project_mips_ip.srcs/sources_1/new</xilinx:tag>
        <xilinx:tag xilinx:name="ui.data.coregen.dd@1768aab3_ARCHIVE_LOCATION">c:/Users/brehm/Dropbox/Vivado_Projects/sources/ip_cores/project_mips_ip/project_mips_ip.srcs/sources_1/new</xilinx:tag>
        <xilinx:tag xilinx:name="ui.data.coregen.dd@128b245d_ARCHIVE_LOCATION">c:/Users/brehm/Dropbox/Vivado_Projects/sources/ip_cores/project_mips_ip/project_mips_ip.srcs/sources_1/new</xilinx:tag>
        <xilinx:tag xilinx:name="ui.data.coregen.dd@1c85e336_ARCHIVE_LOCATION">c:/Users/brehm/Dropbox/Vivado_Projects/sources/ip_cores/project_mips_ip/project_mips_ip.srcs/sources_1/new</xilinx:tag>
        <xilinx:tag xilinx:name="ui.data.coregen.dd@71ea3ca_ARCHIVE_LOCATION">c:/Users/brehm/Dropbox/Vivado_Projects/sources/ip_cores/project_mips_ip/project_mips_ip.srcs/sources_1/new</xilinx:tag>
        <xilinx:tag xilinx:name="ui.data.coregen.dd@171c9104_ARCHIVE_LOCATION">c:/Users/brehm/Dropbox/Vivado_Projects/sources/ip_cores/project_mips_ip/project_mips_ip.srcs/sources_1/new</xilinx:tag>
        <xilinx:tag xilinx:name="ui.data.coregen.dd@670a904c_ARCHIVE_LOCATION">c:/Users/brehm/Dropbox/Vivado_Projects/sources/ip_cores/project_mips_ip/project_mips_ip.srcs/sources_1/new</xilinx:tag>
        <xilinx:tag xilinx:name="ui.data.coregen.dd@3384b422_ARCHIVE_LOCATION">c:/Users/brehm/Dropbox/Vivado_Projects/sources/ip_cores/project_mips_ip/project_mips_ip.srcs/sources_1/new</xilinx:tag>
        <xilinx:tag xilinx:name="ui.data.coregen.dd@2bd10a42_ARCHIVE_LOCATION">c:/Users/brehm/Dropbox/Vivado_Projects/sources/ip_cores/project_mips_ip/project_mips_ip.srcs/sources_1/new</xilinx:tag>
        <xilinx:tag xilinx:name="ui.data.coregen.dd@1335210f_ARCHIVE_LOCATION">c:/Users/brehm/Dropbox/Vivado_Projects/sources/ip_cores/project_mips_ip/project_mips_ip.srcs/sources_1/new</xilinx:tag>
        <xilinx:tag xilinx:name="ui.data.coregen.dd@6860ff68_ARCHIVE_LOCATION">c:/Users/brehm/Dropbox/Vivado_Projects/sources/ip_cores/project_mips_ip/project_mips_ip.srcs/sources_1/new</xilinx:tag>
        <xilinx:tag xilinx:name="ui.data.coregen.dd@2881673a_ARCHIVE_LOCATION">c:/Users/brehm/Dropbox/Vivado_Projects/sources/ip_cores/project_mips_ip/project_mips_ip.srcs/sources_1/new</xilinx:tag>
        <xilinx:tag xilinx:name="ui.data.coregen.dd@687044c1_ARCHIVE_LOCATION">c:/Users/brehm/Dropbox/Vivado_Projects/sources/ip_cores/project_mips_ip/project_mips_ip.srcs/sources_1/new</xilinx:tag>
        <xilinx:tag xilinx:name="ui.data.coregen.dd@1505aa81_ARCHIVE_LOCATION">c:/Users/brehm/Dropbox/Vivado_Projects/sources/ip_cores/project_mips_ip/project_mips_ip.srcs/sources_1/new</xilinx:tag>
        <xilinx:tag xilinx:name="ui.data.coregen.dd@5015cdf4_ARCHIVE_LOCATION">c:/Users/brehm/Dropbox/Vivado_Projects/sources/ip_cores/project_mips_ip/project_mips_ip.srcs/sources_1/new</xilinx:tag>
        <xilinx:tag xilinx:name="ui.data.coregen.dd@3772af70_ARCHIVE_LOCATION">c:/Users/brehm/Dropbox/Vivado_Projects/sources/ip_cores/project_mips_ip/project_mips_ip.srcs/sources_1/new</xilinx:tag>
        <xilinx:tag xilinx:name="ui.data.coregen.dd@5784001a_ARCHIVE_LOCATION">c:/Users/brehm/Dropbox/Vivado_Projects/sources/ip_cores/project_mips_ip/project_mips_ip.srcs/sources_1/new</xilinx:tag>
        <xilinx:tag xilinx:name="ui.data.coregen.dd@5a53_ARCHIVE_LOCATION">c:/Users/brehm/Dropbox/Vivado_Projects/sources/ip_cores/project_mips_ip/project_mips_ip.srcs/sources_1/new</xilinx:tag>
        <xilinx:tag xilinx:name="ui.data.coregen.dd@4575a4c5_ARCHIVE_LOCATION">c:/Users/brehm/Dropbox/Vivado_Projects/sources/ip_cores/project_mips_ip/project_mips_ip.srcs/sources_1/new</xilinx:tag>
        <xilinx:tag xilinx:name="ui.data.coregen.dd@50e63242_ARCHIVE_LOCATION">c:/Users/brehm/Dropbox/Vivado_Projects/sources/ip_cores/project_mips_ip/project_mips_ip.srcs/sources_1/new</xilinx:tag>
        <xilinx:tag xilinx:name="ui.data.coregen.dd@3866d3c7_ARCHIVE_LOCATION">c:/Users/brehm/Dropbox/Vivado_Projects/sources/ip_cores/project_mips_ip/project_mips_ip.srcs/sources_1/new</xilinx:tag>
        <xilinx:tag xilinx:name="ui.data.coregen.dd@4ceddbdc_ARCHIVE_LOCATION">c:/Users/brehm/Dropbox/Vivado_Projects/sources/ip_cores/project_mips_ip/project_mips_ip.srcs/sources_1/new</xilinx:tag>
        <xilinx:tag xilinx:name="ui.data.coregen.dd@859a55e_ARCHIVE_LOCATION">c:/Users/brehm/Dropbox/Vivado_Projects/sources/ip_cores/project_mips_ip/project_mips_ip.srcs/sources_1/new</xilinx:tag>
        <xilinx:tag xilinx:name="ui.data.coregen.dd@67c9affd_ARCHIVE_LOCATION">c:/Users/brehm/Dropbox/Vivado_Projects/sources/ip_cores/project_mips_ip/project_mips_ip.srcs/sources_1/new</xilinx:tag>
        <xilinx:tag xilinx:name="ui.data.coregen.dd@ff273ae_ARCHIVE_LOCATION">c:/Users/brehm/Dropbox/Vivado_Projects/sources/ip_cores/project_mips_ip/project_mips_ip.srcs/sources_1/new</xilinx:tag>
        <xilinx:tag xilinx:name="ui.data.coregen.dd@46218e80_ARCHIVE_LOCATION">c:/Users/brehm/Dropbox/Vivado_Projects/sources/ip_cores/project_mips_ip/project_mips_ip.srcs/sources_1/new</xilinx:tag>
        <xilinx:tag xilinx:name="ui.data.coregen.dd@28e4b0fe_ARCHIVE_LOCATION">c:/Users/brehm/Dropbox/Vivado_Projects/sources/ip_cores/project_mips_ip/project_mips_ip.srcs/sources_1/new</xilinx:tag>
        <xilinx:tag xilinx:name="ui.data.coregen.dd@64fb4ac7_ARCHIVE_LOCATION">c:/Users/brehm/Dropbox/Vivado_Projects/sources/ip_cores/project_mips_ip/project_mips_ip.srcs/sources_1/new</xilinx:tag>
        <xilinx:tag xilinx:name="ui.data.coregen.dd@27823962_ARCHIVE_LOCATION">c:/Users/brehm/Dropbox/Vivado_Projects/sources/ip_cores/project_mips_ip/project_mips_ip.srcs/sources_1/new</xilinx:tag>
        <xilinx:tag xilinx:name="ui.data.coregen.dd@18d9dbb3_ARCHIVE_LOCATION">c:/Users/brehm/Dropbox/Vivado_Projects/sources/ip_cores/project_mips_ip/project_mips_ip.srcs/sources_1/new</xilinx:tag>
        <xilinx:tag xilinx:name="ui.data.coregen.dd@74bef221_ARCHIVE_LOCATION">c:/Users/brehm/Dropbox/Vivado_Projects/sources/ip_cores/project_mips_ip/project_mips_ip.srcs/sources_1/new</xilinx:tag>
        <xilinx:tag xilinx:name="ui.data.coregen.dd@a839dc7_ARCHIVE_LOCATION">c:/Users/brehm/Dropbox/Vivado_Projects/sources/ip_cores/project_mips_ip/project_mips_ip.srcs/sources_1/new</xilinx:tag>
        <xilinx:tag xilinx:name="ui.data.coregen.dd@393fe173_ARCHIVE_LOCATION">c:/Users/brehm/Documents/repos/hscod/ip_cores/project_mips_ip/project_mips_ip.srcs/sources_1/new</xilinx:tag>
        <xilinx:tag xilinx:name="ui.data.coregen.dd@125c2567_ARCHIVE_LOCATION">c:/Users/brehm/Documents/repos/hscod/ip_cores/project_mips_ip/project_mips_ip.srcs/sources_1/new</xilinx:tag>
        <xilinx:tag xilinx:name="ui.data.coregen.dd@c70bb92_ARCHIVE_LOCATION">c:/Users/brehm/Documents/repos/hscod/ip_cores/project_mips_ip/project_mips_ip.srcs/sources_1/new</xilinx:tag>
        <xilinx:tag xilinx:name="ui.data.coregen.dd@5234ed94_ARCHIVE_LOCATION">c:/Users/brehm/Documents/repos/hscod/ip_cores/project_mips_ip/project_mips_ip.srcs/sources_1/new</xilinx:tag>
        <xilinx:tag xilinx:name="ui.data.coregen.dd@11206b10_ARCHIVE_LOCATION">c:/Users/brehm/Documents/repos/hscod/ip_cores/project_mips_ip/project_mips_ip.srcs/sources_1/new</xilinx:tag>
        <xilinx:tag xilinx:name="ui.data.coregen.dd@5bbda3e8_ARCHIVE_LOCATION">c:/Users/brehm/Documents/repos/hscod/ip_cores/project_mips_ip/project_mips_ip.srcs/sources_1/new</xilinx:tag>
        <xilinx:tag xilinx:name="ui.data.coregen.dd@5bf4b258_ARCHIVE_LOCATION">c:/Users/brehm/Documents/repos/hscod/ip_cores/project_mips_ip/project_mips_ip.srcs/sources_1/new</xilinx:tag>
        <xilinx:tag xilinx:name="ui.data.coregen.dd@38b26a29_ARCHIVE_LOCATION">c:/Users/brehm/Documents/repos/hscod/ip_cores/project_mips_ip/project_mips_ip.srcs/sources_1/new</xilinx:tag>
        <xilinx:tag xilinx:name="ui.data.coregen.dd@6b4097eb_ARCHIVE_LOCATION">c:/Users/brehm/Documents/repos/hscod/ip_cores/project_mips_ip/project_mips_ip.srcs/sources_1/new</xilinx:tag>
        <xilinx:tag xilinx:name="ui.data.coregen.dd@7cdacc68_ARCHIVE_LOCATION">c:/Users/brehm/Documents/repos/hscod/ip_cores/project_mips_ip/project_mips_ip.srcs/sources_1/new</xilinx:tag>
        <xilinx:tag xilinx:name="ui.data.coregen.dd@764fcb25_ARCHIVE_LOCATION">c:/Users/brehm/Documents/repos/hscod/ip_cores/project_mips_ip/project_mips_ip.srcs/sources_1/new</xilinx:tag>
        <xilinx:tag xilinx:name="ui.data.coregen.dd@3382081a_ARCHIVE_LOCATION">c:/Users/brehm/Documents/repos/hscod/ip_cores/project_mips_ip/project_mips_ip.srcs/sources_1/new</xilinx:tag>
        <xilinx:tag xilinx:name="ui.data.coregen.dd@55f8b9fe_ARCHIVE_LOCATION">c:/Users/brehm/Documents/repos/hscod/ip_cores/project_mips_ip/project_mips_ip.srcs/sources_1/new</xilinx:tag>
        <xilinx:tag xilinx:name="ui.data.coregen.dd@4bade4c6_ARCHIVE_LOCATION">c:/Users/brehm/Documents/repos/hscod/ip_cores/project_mips_ip/project_mips_ip.srcs/sources_1/new</xilinx:tag>
        <xilinx:tag xilinx:name="ui.data.coregen.dd@4fee9e0c_ARCHIVE_LOCATION">c:/Users/brehm/Documents/repos/hscod/ip_cores/project_mips_ip/project_mips_ip.srcs/sources_1/new</xilinx:tag>
        <xilinx:tag xilinx:name="ui.data.coregen.dd@46d2832c_ARCHIVE_LOCATION">c:/Users/brehm/Documents/repos/hscod/ip_cores/project_mips_ip/project_mips_ip.srcs/sources_1/new</xilinx:tag>
        <xilinx:tag xilinx:name="ui.data.coregen.dd@2bff533b_ARCHIVE_LOCATION">c:/Users/brehm/Documents/repos/hscod/ip_cores/project_mips_ip/project_mips_ip.srcs/sources_1/new</xilinx:tag>
        <xilinx:tag xilinx:name="ui.data.coregen.dd@685345eb_ARCHIVE_LOCATION">c:/Users/brehm/Documents/repos/hscod/ip_cores/project_mips_ip/project_mips_ip.srcs/sources_1/new</xilinx:tag>
        <xilinx:tag xilinx:name="ui.data.coregen.dd@35a76152_ARCHIVE_LOCATION">c:/Users/brehm/Documents/repos/hscod/ip_cores/project_mips_ip/project_mips_ip.srcs/sources_1/new</xilinx:tag>
        <xilinx:tag xilinx:name="ui.data.coregen.dd@77916080_ARCHIVE_LOCATION">c:/Users/brehm/Documents/repos/hscod/ip_cores/project_mips_ip/project_mips_ip.srcs/sources_1/new</xilinx:tag>
        <xilinx:tag xilinx:name="ui.data.coregen.dd@5de40d5d_ARCHIVE_LOCATION">c:/Users/brehm/Documents/repos/hscod/ip_cores/project_mips_ip/project_mips_ip.srcs/sources_1/new</xilinx:tag>
        <xilinx:tag xilinx:name="ui.data.coregen.dd@490c6a20_ARCHIVE_LOCATION">c:/Users/brehm/Documents/repos/hscod/ip_cores/project_mips_ip/project_mips_ip.srcs/sources_1/new</xilinx:tag>
        <xilinx:tag xilinx:name="ui.data.coregen.dd@4df67d4f_ARCHIVE_LOCATION">c:/Users/brehm/Documents/repos/hscod/ip_cores/project_mips_ip/project_mips_ip.srcs/sources_1/new</xilinx:tag>
        <xilinx:tag xilinx:name="ui.data.coregen.dd@19672190_ARCHIVE_LOCATION">c:/Users/brehm/Documents/repos/hscod/ip_cores/project_mips_ip/project_mips_ip.srcs/sources_1/new</xilinx:tag>
        <xilinx:tag xilinx:name="ui.data.coregen.dd@19001cb9_ARCHIVE_LOCATION">c:/Users/brehm/Documents/repos/hscod/ip_cores/project_mips_ip/project_mips_ip.srcs/sources_1/new</xilinx:tag>
        <xilinx:tag xilinx:name="ui.data.coregen.dd@6feb552d_ARCHIVE_LOCATION">c:/Users/brehm/Documents/repos/hscod/ip_cores/project_mips_ip/project_mips_ip.srcs/sources_1/new</xilinx:tag>
        <xilinx:tag xilinx:name="ui.data.coregen.dd@512c661d_ARCHIVE_LOCATION">c:/Users/brehm/Documents/repos/hscod/ip_cores/project_mips_ip/project_mips_ip.srcs/sources_1/new</xilinx:tag>
        <xilinx:tag xilinx:name="ui.data.coregen.dd@363ab79_ARCHIVE_LOCATION">c:/Users/brehm/Documents/repos/hscod/ip_cores/project_mips_ip/project_mips_ip.srcs/sources_1/new</xilinx:tag>
        <xilinx:tag xilinx:name="ui.data.coregen.dd@6a0fe68f_ARCHIVE_LOCATION">c:/Users/brehm/Documents/repos/hscod/ip_cores/project_mips_ip/project_mips_ip.srcs/sources_1/new</xilinx:tag>
        <xilinx:tag xilinx:name="ui.data.coregen.dd@10976618_ARCHIVE_LOCATION">c:/Users/brehm/Documents/repos/hscod/ip_cores/project_mips_ip/project_mips_ip.srcs/sources_1/new</xilinx:tag>
        <xilinx:tag xilinx:name="ui.data.coregen.dd@86aa83c_ARCHIVE_LOCATION">c:/Users/brehm/Documents/repos/hscod/ip_cores/project_mips_ip/project_mips_ip.srcs/sources_1/new</xilinx:tag>
        <xilinx:tag xilinx:name="ui.data.coregen.dd@3563a31a_ARCHIVE_LOCATION">c:/Users/brehm/Documents/repos/hscod/ip_cores/project_mips_ip/project_mips_ip.srcs/sources_1/new</xilinx:tag>
        <xilinx:tag xilinx:name="ui.data.coregen.dd@2603f387_ARCHIVE_LOCATION">c:/Users/brehm/Documents/repos/hscod/ip_cores/project_mips_ip/project_mips_ip.srcs/sources_1/new</xilinx:tag>
        <xilinx:tag xilinx:name="ui.data.coregen.dd@534aeb5e_ARCHIVE_LOCATION">c:/Users/brehm/Documents/repos/hscod/ip_cores/project_mips_ip/project_mips_ip.srcs/sources_1/new</xilinx:tag>
        <xilinx:tag xilinx:name="ui.data.coregen.dd@78dc1d29_ARCHIVE_LOCATION">c:/Users/brehm/Documents/repos/hscod/ip_cores/project_mips_ip/project_mips_ip.srcs/sources_1/new</xilinx:tag>
        <xilinx:tag xilinx:name="ui.data.coregen.dd@3ebd899_ARCHIVE_LOCATION">c:/Users/brehm/Documents/repos/hscod/ip_cores/project_mips_ip/project_mips_ip.srcs/sources_1/new</xilinx:tag>
        <xilinx:tag xilinx:name="ui.data.coregen.dd@27bfd547_ARCHIVE_LOCATION">c:/Users/brehm/Documents/repos/hscod/ip_cores/project_mips_ip/project_mips_ip.srcs/sources_1/new</xilinx:tag>
        <xilinx:tag xilinx:name="ui.data.coregen.dd@2e89eec2_ARCHIVE_LOCATION">c:/Users/brehm/Documents/repos/hscod/ip_cores/project_mips_ip/project_mips_ip.srcs/sources_1/new</xilinx:tag>
        <xilinx:tag xilinx:name="ui.data.coregen.dd@bdd52c5_ARCHIVE_LOCATION">c:/Users/brehm/Documents/repos/hscod/ip_cores/project_mips_ip/project_mips_ip.srcs/sources_1/new</xilinx:tag>
        <xilinx:tag xilinx:name="ui.data.coregen.dd@6890ba62_ARCHIVE_LOCATION">c:/Users/brehm/Documents/repos/hscod/ip_cores/project_mips_ip/project_mips_ip.srcs/sources_1/new</xilinx:tag>
      </xilinx:tags>
    </xilinx:coreExtensions>
    <xilinx:packagingInfo>
      <xilinx:xilinxVersion>2018.3</xilinx:xilinxVersion>
      <xilinx:checksum xilinx:scope="busInterfaces" xilinx:value="795d3ab6"/>
      <xilinx:checksum xilinx:scope="fileGroups" xilinx:value="0079d658"/>
      <xilinx:checksum xilinx:scope="ports" xilinx:value="2f26de90"/>
      <xilinx:checksum xilinx:scope="parameters" xilinx:value="e8d30142"/>
    </xilinx:packagingInfo>
  </spirit:vendorExtensions>
</spirit:component>
